{
  "100K": {
    "full": {
      "recall@1": 0.0,
      "robustness_0.1@k1": 0.0,
      "robustness_0.3@k1": 0.0,
      "robustness_0.5@k1": 0.0,
      "recall@3": 0.0,
      "robustness_0.1@k3": 0.0,
      "robustness_0.3@k3": 0.0,
      "robustness_0.5@k3": 0.0,
      "recall@5": 0.0,
      "robustness_0.1@k5": 0.0,
      "robustness_0.3@k5": 0.0,
      "robustness_0.5@k5": 0.0,
      "recall@10": 0.0,
      "robustness_0.1@k10": 0.0,
      "robustness_0.3@k10": 0.0,
      "robustness_0.5@k10": 0.0,
      "mrr": 0.0,
      "ndcg@1": 0.15724397799376444,
      "ndcg@3": 0.13983735220930535,
      "ndcg@5": 0.14993651257781593,
      "ndcg@10": 0.17785183072777525,
      "latency_avg_ms": 365.72618909704033,
      "latency_p50_ms": 372.2822350100614,
      "latency_p95_ms": 650.7358050148468,
      "latency_p99_ms": 650.7358050148468,
      "latency_min_ms": 159.62649101857096,
      "latency_max_ms": 650.7358050148468,
      "qps": 2.734286003605457,
      "avg_relevance": 0.010486018633818348,
      "ingest_time_ms": 794.8174650082365,
      "db_size_bytes": 1855488,
      "db_size": "1.77 MB",
      "wm_items": 188,
      "ep_items": 0,
      "ep_vectors": 0,
      "messages_ingested": 188,
      "questions_evaluated": 20
    },
    "keyword_only": {
      "recall@1": 0.05,
      "robustness_0.1@k1": 0.05,
      "robustness_0.3@k1": 0.05,
      "robustness_0.5@k1": 0.05,
      "recall@3": 0.05,
      "robustness_0.1@k3": 0.05,
      "robustness_0.3@k3": 0.05,
      "robustness_0.5@k3": 0.05,
      "recall@5": 0.05,
      "robustness_0.1@k5": 0.05,
      "robustness_0.3@k5": 0.05,
      "robustness_0.5@k5": 0.05,
      "recall@10": 0.05,
      "robustness_0.1@k10": 0.05,
      "robustness_0.3@k10": 0.05,
      "robustness_0.5@k10": 0.05,
      "mrr": 0.05,
      "ndcg@1": 0.07447692408058539,
      "ndcg@3": 0.14453096746465743,
      "ndcg@5": 0.15216243094763873,
      "ndcg@10": 0.1655122876577389,
      "latency_avg_ms": 7.271441900229547,
      "latency_p50_ms": 7.267184992088005,
      "latency_p95_ms": 12.666274007642642,
      "latency_p99_ms": 12.666274007642642,
      "latency_min_ms": 3.250809997553006,
      "latency_max_ms": 12.666274007642642,
      "qps": 137.52430586957337,
      "avg_relevance": 0.01927247315939566,
      "ingest_time_ms": 646.2528420088347,
      "db_size_bytes": 1871872,
      "db_size": "1.79 MB",
      "messages_ingested": 188
    },
    "fts5_only": {
      "recall@1": 0.05,
      "robustness_0.1@k1": 0.05,
      "robustness_0.3@k1": 0.05,
      "robustness_0.5@k1": 0.05,
      "recall@3": 0.05,
      "robustness_0.1@k3": 0.05,
      "robustness_0.3@k3": 0.05,
      "robustness_0.5@k3": 0.05,
      "recall@5": 0.05,
      "robustness_0.1@k5": 0.05,
      "robustness_0.3@k5": 0.05,
      "robustness_0.5@k5": 0.05,
      "recall@10": 0.05,
      "robustness_0.1@k10": 0.05,
      "robustness_0.3@k10": 0.05,
      "robustness_0.5@k10": 0.05,
      "mrr": 0.05,
      "ndcg@1": 0.07447692408058539,
      "ndcg@3": 0.14453096746465743,
      "ndcg@5": 0.15216243094763873,
      "ndcg@10": 0.1655122876577389,
      "latency_avg_ms": 7.922466845775489,
      "latency_p50_ms": 7.669373997487128,
      "latency_p95_ms": 12.74045099853538,
      "latency_p99_ms": 12.74045099853538,
      "latency_min_ms": 5.125919007696211,
      "latency_max_ms": 12.74045099853538,
      "qps": 126.22331143401777,
      "avg_relevance": 0.01927247315939566,
      "ingest_time_ms": 667.0463309856132,
      "db_size_bytes": 1867776,
      "db_size": "1.78 MB",
      "messages_ingested": 188
    },
    "no_scratchpad": {
      "recall@1": 0.0,
      "robustness_0.1@k1": 0.0,
      "robustness_0.3@k1": 0.0,
      "robustness_0.5@k1": 0.0,
      "recall@3": 0.0,
      "robustness_0.1@k3": 0.0,
      "robustness_0.3@k3": 0.0,
      "robustness_0.5@k3": 0.0,
      "recall@5": 0.0,
      "robustness_0.1@k5": 0.0,
      "robustness_0.3@k5": 0.0,
      "robustness_0.5@k5": 0.0,
      "recall@10": 0.0,
      "robustness_0.1@k10": 0.0,
      "robustness_0.3@k10": 0.0,
      "robustness_0.5@k10": 0.0,
      "mrr": 0.0,
      "ndcg@1": 0.15724397799376444,
      "ndcg@3": 0.13983735220930535,
      "ndcg@5": 0.14993651257781593,
      "ndcg@10": 0.17785183072777525,
      "latency_avg_ms": 340.4834759494406,
      "latency_p50_ms": 330.63421299448237,
      "latency_p95_ms": 568.8875569903757,
      "latency_p99_ms": 568.8875569903757,
      "latency_min_ms": 146.48395098629408,
      "latency_max_ms": 568.8875569903757,
      "qps": 2.9370000914478824,
      "avg_relevance": 0.010486018633818348,
      "ingest_time_ms": 731.5395290206652,
      "db_size_bytes": 1576960,
      "db_size": "1.50 MB",
      "wm_items": 188,
      "ep_items": 0,
      "ep_vectors": 0,
      "messages_ingested": 188,
      "questions_evaluated": 20
    },
    "no_episodic": {
      "recall@1": 0.0,
      "robustness_0.1@k1": 0.0,
      "robustness_0.3@k1": 0.0,
      "robustness_0.5@k1": 0.0,
      "recall@3": 0.0,
      "robustness_0.1@k3": 0.0,
      "robustness_0.3@k3": 0.0,
      "robustness_0.5@k3": 0.0,
      "recall@5": 0.0,
      "robustness_0.1@k5": 0.0,
      "robustness_0.3@k5": 0.0,
      "robustness_0.5@k5": 0.0,
      "recall@10": 0.0,
      "robustness_0.1@k10": 0.0,
      "robustness_0.3@k10": 0.0,
      "robustness_0.5@k10": 0.0,
      "mrr": 0.0,
      "ndcg@1": 0.15724397799376444,
      "ndcg@3": 0.13983735220930535,
      "ndcg@5": 0.14993651257781593,
      "ndcg@10": 0.17785183072777525,
      "latency_avg_ms": 357.6868572999956,
      "latency_p50_ms": 337.4870769912377,
      "latency_p95_ms": 668.6317109852098,
      "latency_p99_ms": 668.6317109852098,
      "latency_min_ms": 144.34212498599663,
      "latency_max_ms": 668.6317109852098,
      "qps": 2.7957415252786038,
      "avg_relevance": 0.010486018633818348,
      "ingest_time_ms": 646.0844090033788,
      "db_size_bytes": 1871872,
      "db_size": "1.79 MB",
      "wm_items": 188,
      "ep_items": 0,
      "ep_vectors": 0,
      "messages_ingested": 188,
      "questions_evaluated": 20
    }
  },
  "_meta": {
    "date": "2026-05-06T03:03:03.693926",
    "benchmark": "ICLR 2026 BEAM",
    "framework": "Mnemosyne BEAM Architecture",
    "scales": [
      "100K"
    ],
    "modes": {
      "full": {
        "recall@1": 0.0,
        "robustness_0.1@k1": 0.0,
        "robustness_0.3@k1": 0.0,
        "robustness_0.5@k1": 0.0,
        "recall@3": 0.0,
        "robustness_0.1@k3": 0.0,
        "robustness_0.3@k3": 0.0,
        "robustness_0.5@k3": 0.0,
        "recall@5": 0.0,
        "robustness_0.1@k5": 0.0,
        "robustness_0.3@k5": 0.0,
        "robustness_0.5@k5": 0.0,
        "recall@10": 0.0,
        "robustness_0.1@k10": 0.0,
        "robustness_0.3@k10": 0.0,
        "robustness_0.5@k10": 0.0,
        "mrr": 0.0,
        "ndcg@1": 0.15724397799376444,
        "ndcg@3": 0.13983735220930535,
        "ndcg@5": 0.14993651257781593,
        "ndcg@10": 0.17785183072777525,
        "latency_avg_ms": 365.72618909704033,
        "latency_p50_ms": 372.2822350100614,
        "latency_p95_ms": 650.7358050148468,
        "latency_p99_ms": 650.7358050148468,
        "latency_min_ms": 159.62649101857096,
        "latency_max_ms": 650.7358050148468,
        "qps": 2.734286003605457,
        "avg_relevance": 0.010486018633818348,
        "ingest_time_ms": 794.8174650082365,
        "db_size_bytes": 1855488,
        "db_size": "1.77 MB",
        "wm_items": 188,
        "ep_items": 0,
        "ep_vectors": 0,
        "messages_ingested": 188,
        "questions_evaluated": 20
      },
      "keyword_only": {
        "recall@1": 0.05,
        "robustness_0.1@k1": 0.05,
        "robustness_0.3@k1": 0.05,
        "robustness_0.5@k1": 0.05,
        "recall@3": 0.05,
        "robustness_0.1@k3": 0.05,
        "robustness_0.3@k3": 0.05,
        "robustness_0.5@k3": 0.05,
        "recall@5": 0.05,
        "robustness_0.1@k5": 0.05,
        "robustness_0.3@k5": 0.05,
        "robustness_0.5@k5": 0.05,